<technique vs="Toon_Solid" ps="Toon_Solid" psdefines="DIFFMAP">
    <pass name="base" />
    <pass name="litbase" vsdefines="NORMALMAP" psdefines="AMBIENT NORMALMAP SPECMAP" />
    <pass name="light" vsdefines="NORMALMAP" psdefines="NORMALMAP SPECMAP" depthtest="equal" depthwrite="false" blend="add" />
    <pass name="prepass" vsdefines="NORMALMAP" psdefines="PREPASS NORMALMAP SPECMAP" />
    <pass name="material" psdefines="MATERIAL SPECMAP" depthtest="equal" depthwrite="false" />
    <pass name="deferred" vsdefines="NORMALMAP" psdefines="DEFERRED NORMALMAP SPECMAP" />
    <pass name="depth" vs="Depth" ps="Depth" psexcludes="PACKEDNORMAL" />
    <pass name="shadow" vs="Shadow" ps="Shadow" psexcludes="PACKEDNORMAL" />
</technique>
