<?xml version="1.0"?>
<material>
	<technique name="Techniques/Toon/Toon_NoTexture.xml" quality="0" loddistance="0" />
	<texture unit="custom1" name="Textures/ToonRampHard(RGBA).dds" />
	<texture unit="custom2" name="Textures/HDHatchingTex(RGB).dds" />
	<parameter name="UOffset" value="1 0 0 0" />
	<parameter name="VOffset" value="0 1 0 0" />
	<parameter name="MatDiffColor" value="0.9 0.9 0.9 1" />
	<parameter name="MatEmissiveColor" value="0 0 0" />
	<parameter name="MatEnvMapColor" value="1 1 1" />
	<parameter name="MatSpecColor" value="1 1 1 100" />
	<parameter name="ScreenScale" value="10" />
	<cull value="ccw" />
	<shadowcull value="ccw" />
	<fill value="solid" />
	<depthbias constant="0" slopescaled="0" />
	<alphatocoverage enable="false" />
	<lineantialias enable="false" />
	<renderorder value="128" />
	<occlusion enable="true" />
</material>
